point_id,beta1,beta_v,J0,J1,Jz,sigma,sum_J,energy_conserved,second_law_valid,beta_out,convergence_steps,final_error,threshold,margin,logic_output
0,0.5,4.499288515659321,-2.4733904853364076e-08,2.731343879028016e-08,-2.57953393755098e-09,2.6023671822457014e-08,-6.34895861720176e-19,True,True,0.1525599551486247,146,0.0008061620501888522,0.1525599452124234,9.936201306182113e-09,1
1,0.5714285714285714,4.2851120419517255,-2.0470809004246498e-08,2.2484381861559116e-08,-2.0135728572057554e-09,1.9871568156970295e-08,1.0686304974541937e-19,True,True,0.152559952053489,146,0.0008061633664813439,0.1525599452124234,6.8410656028916605e-09,1
2,0.6428571428571428,4.070916783900998,-1.702948786870249e-08,1.8602949275984766e-08,-1.5734614068257047e-09,1.5158654389603524e-08,4.565701973144629e-19,True,True,0.15255994964660172,146,0.0008061695380021383,0.1525599452124234,4.434178330070537e-09,1
3,0.7142857142857143,3.8567074991201116,-1.4185608387625533e-08,1.5405669279355575e-08,-1.2200608921410607e-09,1.1494423988325381e-08,-4.1101901534239275e-19,True,True,0.15255994771392026,146,0.0008061645534524764,0.1525599452124234,2.501496870754849e-09,1
4,0.7857142857142857,3.642487388849997,-1.1793320028446926e-08,1.2722556060677941e-08,-9.292360323491331e-10,8.622922027343996e-09,-1.18117875954969e-19,True,True,0.15255994612345342,146,0.0008061677553171387,0.1525599452124234,9.110300291936824e-10,1
5,0.8571428571428571,3.42825872117204,-9.75327081309519e-09,1.0438616557377625e-08,-6.853457439303175e-10,6.3678663429637105e-09,3.5211682809098705e-19,True,True,0.15255994478966312,146,0.0008061732262909516,0.1525599452124234,4.227602712347789e-10,0
6,0.9285714285714286,3.2140231722561396,-7.995110077473622e-09,8.472928021742472e-09,-4.778179441935831e-10,4.602764183071721e-09,7.526630130954225e-20,True,True,0.15255994365473244,146,0.0008061745831888789,0.1525599452124234,1.5576909484504853e-09,0
7,1.0,2.999782025094305,-6.467348083441875e-09,6.766587131114724e-09,-2.99239047656454e-10,3.233674041704542e-09,1.6394926535954147e-20,True,True,0.15255994267811782,146,0.0008061742084245205,0.1525599452124234,2.534305570955908e-09,0
8,1.0714285714285714,2.785536291371759,-5.131198991795407e-09,5.275435594345531e-09,-1.442366025315292e-10,2.188782667711572e-09,1.859465827867407e-20,True,True,0.15255994183043842,146,0.00080617837738578,0.1525599452124234,3.381984969852425e-09,0
9,1.1428571428571428,2.5712867895993665,-3.956696504306484e-09,3.965496196125627e-09,-8.799691501808777e-12,1.4118487952465324e-09,3.1733455541737993e-19,True,True,0.15255994108975934,146,0.0008061759747370889,0.1525599452124234,4.1226640434821604e-09,0
10,1.2142857142857142,2.3570341972067386,-2.92016354040859e-09,2.8100153279549124e-09,1.1014821213148703e-10,8.579356288218618e-10,-3.2219057090216077e-19,True,True,0.15255994043925555,146,0.0008061776147197108,0.1525599452124234,4.77316783320525e-09,0
11,1.2857142857142856,2.1427790865233867,-2.002518354772952e-09,1.7874930121656744e-09,2.1502534245815543e-10,4.905468883454062e-10,-1.4912236307225815e-19,True,True,0.1525599398657023,146,0.0008061787554148603,0.1525599452124234,5.346721093646423e-09,0
12,1.3571428571428572,1.928521950453134,-1.1881133316597177e-09,8.803388323280701e-10,3.077744991034353e-10,2.796499402266176e-10,-2.2821230676332677e-19,True,True,0.15255993935847442,146,0.0008061862628339633,0.1525599452124234,5.853948964462674e-09,0
13,1.4285714285714284,1.7142632213629854,-4.6392186219427793e-10,7.393503512403913e-11,3.899868273261955e-10,2.0027448721659412e-10,2.559566682913913e-19,True,True,0.15255993890887057,146,0.0008061787923717145,0.1525599452124234,6.3035528186095036e-09,0
14,1.5,1.5000032853924077,1.810422400944638e-10,-6.44029539050199e-10,4.6298729909880703e-10,2.3149364933479574e-10,1.4307184708416246e-19,True,True,0.15255993850964483,146,0.000806178075842573,0.1525599452124234,6.702778554412703e-09,0
15,1.5714285714285714,1.2857424936065758,7.561469802640819e-10,-1.2840418736921295e-09,5.278948932931877e-10,3.5566472354117863e-10,-1.3485990815546571e-19,True,True,0.1525599381546774,146,0.0008061886529185935,0.1525599452124234,7.057745998739762e-09,0
16,1.6428571428571428,1.0714811709376983,1.2694547647875962e-09,-1.8551205311475636e-09,5.856657662913356e-10,5.578501019839815e-10,-6.863179580898412e-20,True,True,0.15255993783873925,146,0.0008061857096206271,0.1525599452124234,7.373684135503211e-09,0
17,1.7142857142857142,0.8572196235511854,1.7279575803715595e-09,-2.3650825059642855e-09,6.371247443124168e-10,8.253660382118764e-10,-1.8128030929958973e-16,True,True,0.15255993755731978,146,0.0008061861926344782,0.1525599452124234,7.655103606563074e-09,0
18,1.7857142857142856,0.6429581451218179,2.137758662099486e-09,-2.8207479743230287e-09,6.829891598503281e-10,1.1474228011487084e-09,-1.5237321482944271e-16,True,True,0.15255993730649592,146,0.0008061864176578393,0.1525599452124234,7.90592746824359e-09,0
19,1.857142857142857,0.4286970222483363,2.5042112813209697e-09,-3.228097685265439e-09,7.238862758226438e-10,1.5148353605460022e-09,-1.2812182547674796e-16,True,True,0.1525599370828372,146,0.000806186630024186,0.1525599452124234,8.129586198668548e-09,0
20,1.9285714285714284,0.21443653937116625,2.832031557602809e-09,-3.592399166697833e-09,7.603675015143539e-10,1.919783554998681e-09,-1.0758066976885187e-16,True,True,0.1525599368833282,146,0.0008061820160207844,0.1525599452124234,8.329095191328406e-09,0
21,2.0,0.00017698327392240705,3.1253879150052295e-09,-3.918307299767337e-09,7.929192944011878e-10,2.3556134326256413e-09,-9.036091946470501e-17,True,True,0.1525599367053086,146,0.0008061821214501996,0.1525599452124234,8.507114790390347e-09,0
22,2.071428571428571,-0.2140813526503918,3.387974509587186e-09,-4.209946611056993e-09,8.219720256463758e-10,2.8166699043051876e-09,-7.582343154373205e-17,True,True,0.1525599365464246,146,0.0008061894107520284,0.1525599452124234,8.665998779688877e-09,0
23,2.142857142857143,-0.4283381642622358,3.6230721168739677e-09,-4.470979438851514e-09,8.479072583310128e-10,3.2981547924684226e-09,-6.364653314669672e-17,True,True,0.15255993640458979,146,0.0008061902801630716,0.1525599452124234,8.807833601354176e-09,0
24,2.2142857142857144,-0.6425931325726607,3.833599263460439e-09,-4.7046631373093635e-09,8.710638204511122e-10,3.796005659828963e-09,-5.3397812299664473e-17,True,True,0.1525599362779509,146,0.0008061859412536454,0.1525599452124234,8.934472495170098e-09,0
25,2.2857142857142856,-0.8568459195925349,4.022155648158208e-09,-4.913898636888397e-09,8.91742943865058e-10,4.3067918967853925e-09,-4.486513036613753e-17,True,True,0.15255993616486063,146,0.0008061898242038568,0.1525599452124234,9.047562754549432e-09,0
26,2.3571428571428568,-1.071096164059726,4.191059375940666e-09,-5.1012720783522445e-09,9.10212664899364e-10,4.827625313019925e-09,-3.751221447107161e-17,True,True,0.15255993606385318,146,0.0008061918874254781,0.1525599452124234,9.14857020695159e-09,0
27,2.4285714285714284,-1.2853434769751848,4.342379149552614e-09,-5.269090809533956e-09,9.267116285242452e-10,5.356083041729298e-09,-3.1457097290818594e-17,True,True,0.15255993597362338,146,0.0008061900893321927,0.1525599452124234,9.238800002808745e-09,0
28,2.5,-1.4995874368813984,4.477962293413867e-09,-5.419414725796728e-09,9.414524058433009e-10,5.890140968527718e-09,-2.6539559730991246e-17,True,True,0.15255993589300895,146,0.0008061846102023484,0.1525599452124234,9.319414434605378e-09,0
29,2.571428571428571,-1.7138275848172237,4.599459287988687e-09,-5.554083713030676e-09,9.546244029577687e-10,6.428116212852367e-09,-2.208422060876375e-17,True,True,0.15255993582097374,146,0.0008061909693668767,0.1525599452124234,9.391449645734795e-09,0
30,2.642857142857143,-1.9280634188821335,4.708345347747306e-09,-5.674741788279264e-09,9.663964220029305e-10,6.968617425399878e-09,-1.8529027907717735e-17,True,True,0.1525599357565948,146,0.0008061878945219703,0.1525599452124234,9.455828592352944e-09,0
31,2.714285714285714,-2.1422943883404653,4.805939467914926e-09,-5.782858413284749e-09,9.769189298231736e-10,7.510501847220183e-09,-1.554664909546826e-17,True,True,0.15255993569904913,146,0.0008061891678771138,0.1525599452124234,9.513374255032403e-09,0
32,2.7857142857142856,-2.3565198871926514,4.893421287504229e-09,-5.879747366181158e-09,9.863260656832752e-10,8.052838237422178e-09,-1.2993654155725928e-17,True,True,0.15255993564760328,146,0.0008061879204908362,0.1525599452124234,9.564820102614391e-09,0
33,2.857142857142857,-2.5707392471355597,4.971846050999464e-09,-5.966583488467996e-09,9.947374266887325e-10,8.594874892434917e-09,-1.077979954481758e-17,True,True,0.1525599356016031,146,0.000806189995851414,0.1525599452124234,9.610820278505017e-09,0
34,2.9285714285714284,-2.7849517298282054,5.0421579088691336e-09,-6.044417572185731e-09,1.0022596542275403e-09,9.13601208672697e-09,-9.089057262010218e-18,True,True,0.15255993556046551,146,0.0008061875415296127,0.1525599452124234,9.651957871836814e-09,0
35,3.0,-2.999156518372017,5.105201755694474e-09,-6.1141896110100025e-09,1.0089878475035507e-09,9.675778351984744e-09,-7.811977663782967e-18,True,True,0.15255993552367034,146,0.0008061944236040508,0.1525599452124234,9.688753049852394e-09,0
36,3.071428571428571,-3.2133527079065636,5.161733779404392e-09,-6.1767406073985264e-09,1.0150068215461884e-09,1.0213810089214123e-08,-6.447946080335062e-18,True,True,0.15255993549075367,146,0.0008061888550856822,0.1525599452124234,9.721669719242598e-09,0
37,3.142857142857143,-3.4275392952124855,5.212430868880182e-09,-6.232823100346432e-09,1.020392226146884e-09,1.0749834071621627e-08,-5.319365461190934e-18,True,True,0.15255993546130187,146,0.0008061919273899543,0.1525599452124234,9.751121521350825e-09,0
38,3.214285714285714,-3.641715167202454,5.2578990077548256e-09,-6.28311055839814e-09,1.0252115461186067e-09,1.1283652451386033e-08,-4.5247079359622664e-18,True,True,0.1525599354349459,146,0.0008061858573392422,0.1525599452124234,9.77747749431046e-09,0
39,3.2857142857142856,-3.8558790881691762,5.298680769877509e-09,-6.328205763399918e-09,1.0295249896238378e-09,1.1815129935302484e-08,-3.8985710897484145e-18,True,True,0.15255993541135646,146,0.0008061875875585434,0.1525599452124234,9.801066930270608e-09,0
40,3.3571428571428568,-4.070029685645959,5.3352620119626185e-09,-6.368648295998509e-09,1.0333862809746353e-09,1.2344182837647857e-08,-3.0612552399449277e-18,True,True,0.15255993539023982,146,0.0008061876979253979,0.1525599452124234,9.822183566488008e-09,0
41,3.4285714285714284,-4.284165434720341,5.368077853117057e-09,-6.404921220816706e-09,1.0368433651046416e-09,1.2870769755162764e-08,-2.595007856644207e-18,True,True,0.1525599353713337,146,0.0008061903539038073,0.1525599452124234,9.841089693152227e-09,0
42,3.5,-4.498284640624631,5.397518017815934e-09,-6.4374570579671325e-09,1.0399390380294294e-09,1.3394883638131631e-08,-2.1217687292158817e-18,True,True,0.1525599353544041,146,0.0008061870497864942,0.1525599452124234,9.858019289765707e-09,0
43,3.571428571428571,-4.712385419408615,5.423931611213784e-09,-6.466643118028753e-09,1.0427115049285117e-09,1.3916545071210641e-08,-1.8864569380501654e-18,True,True,0.15255993533924195,146,0.0008061890288254825,0.1525599452124234,9.873181439079559e-09,0
44,3.642857142857143,-4.926465676479299,5.447631387223896e-09,-6.4928262688887485e-09,1.0451948801284752e-09,1.4435796589987547e-08,-1.5363771456151668e-18,True,True,0.1525599353256608,146,0.0008061884748112036,0.1525599452124234,9.886762575295194e-09,0
45,3.714285714285714,-5.140523082769689,5.468897564694803e-09,-6.516317195572681e-09,1.0474196297535307e-09,1.4952697892474218e-08,-1.1243473155642342e-18,True,True,0.15255993531349413,146,0.0008061854157579151,0.1525599452124234,9.89892925962188e-09,0
46,3.7857142857142856,-5.354555048273797,5.4879812389464325e-09,-6.537394209410351e-09,1.0494129674353308e-09,1.5467321824055635e-08,-3.028587396013371e-18,True,True,0.1525599353025928,146,0.0008061852441376971,0.1525599452124234,9.909830595011826e-09,0
47,3.8571428571428568,-5.56855869265743,5.505107432870495e-09,-6.556306642536842e-09,1.0511992069983099e-09,1.597975097919519e-08,-2.668037151384676e-18,True,True,0.15255993529282427,146,0.0008061877788183291,0.1525599452124234,9.919599114338595e-09,0
48,3.9285714285714284,-5.782530812624117,5.5204778254781365e-09,-6.573277902933977e-09,1.052800075210744e-09,1.649007494809839e-08,-2.245096395463863e-18,True,True,0.15255993528406941,146,0.0008061891237680363,0.1525599452124234,9.928353972288306e-09,0
49,4.0,-5.996467845682297,5.534273191892136e-09,-6.58850818498055e-09,1.054234991355919e-09,1.6998387960728077e-08,-1.7324950514065892e-18,True,True,0.1525599352762221,146,0.0008061879025993424,0.1525599452124234,9.936201278426537e-09,0
