beta1,beta_v,regime
0.2,5.4,refrigerator
0.207615230461,5.37715430862,refrigerator
0.215230460922,5.35430861723,refrigerator
0.222845691383,5.33146292585,refrigerator
0.230460921844,5.30861723447,refrigerator
0.238076152305,5.28577154309,refrigerator
0.245691382766,5.2629258517,refrigerator
0.253306613226,5.24008016032,refrigerator
0.260921843687,5.21723446894,refrigerator
0.268537074148,5.19438877756,refrigerator
0.276152304609,5.17154308617,refrigerator
0.28376753507,5.14869739479,refrigerator
0.291382765531,5.12585170341,refrigerator
0.298997995992,5.10300601202,refrigerator
0.306613226453,5.08016032064,refrigerator
0.314228456914,5.05731462926,refrigerator
0.321843687375,5.03446893788,refrigerator
0.329458917836,5.01162324649,refrigerator
0.337074148297,4.98877755511,refrigerator
0.344689378758,4.96593186373,refrigerator
0.352304609218,4.94308617234,refrigerator
0.359919839679,4.92024048096,refrigerator
0.36753507014,4.89739478958,refrigerator
0.375150300601,4.8745490982,refrigerator
0.382765531062,4.85170340681,refrigerator
0.390380761523,4.82885771543,refrigerator
0.397995991984,4.80601202405,refrigerator
0.405611222445,4.78316633267,refrigerator
0.413226452906,4.76032064128,refrigerator
0.420841683367,4.7374749499,refrigerator
0.428456913828,4.71462925852,refrigerator
0.436072144289,4.69178356713,refrigerator
0.443687374749,4.66893787575,refrigerator
0.45130260521,4.64609218437,refrigerator
0.458917835671,4.62324649299,refrigerator
0.466533066132,4.6004008016,refrigerator
0.474148296593,4.57755511022,refrigerator
0.481763527054,4.55470941884,refrigerator
0.489378757515,4.53186372745,refrigerator
0.496993987976,4.50901803607,refrigerator
0.504609218437,4.48617234469,refrigerator
0.512224448898,4.46332665331,refrigerator
0.519839679359,4.44048096192,refrigerator
0.52745490982,4.41763527054,refrigerator
0.535070140281,4.39478957916,refrigerator
0.542685370741,4.37194388778,refrigerator
0.550300601202,4.34909819639,refrigerator
0.557915831663,4.32625250501,refrigerator
0.565531062124,4.30340681363,refrigerator
0.573146292585,4.28056112224,refrigerator
0.580761523046,4.25771543086,refrigerator
0.588376753507,4.23486973948,refrigerator
0.595991983968,4.2120240481,refrigerator
0.603607214429,4.18917835671,refrigerator
0.61122244489,4.16633266533,refrigerator
0.618837675351,4.14348697395,refrigerator
0.626452905812,4.12064128257,refrigerator
0.634068136273,4.09779559118,refrigerator
0.641683366733,4.0749498998,refrigerator
0.649298597194,4.05210420842,refrigerator
0.656913827655,4.02925851703,refrigerator
0.664529058116,4.00641282565,refrigerator
0.672144288577,3.98356713427,refrigerator
0.679759519038,3.96072144289,refrigerator
0.687374749499,3.9378757515,refrigerator
0.69498997996,3.91503006012,refrigerator
0.702605210421,3.89218436874,refrigerator
0.710220440882,3.86933867735,refrigerator
0.717835671343,3.84649298597,refrigerator
0.725450901804,3.82364729459,refrigerator
0.733066132265,3.80080160321,refrigerator
0.740681362725,3.77795591182,refrigerator
0.748296593186,3.75511022044,refrigerator
0.755911823647,3.73226452906,refrigerator
0.763527054108,3.70941883768,refrigerator
0.771142284569,3.68657314629,refrigerator
0.77875751503,3.66372745491,refrigerator
0.786372745491,3.64088176353,refrigerator
0.793987975952,3.61803607214,refrigerator
0.801603206413,3.59519038076,refrigerator
0.809218436874,3.57234468938,refrigerator
0.816833667335,3.549498998,refrigerator
0.824448897796,3.52665330661,refrigerator
0.832064128257,3.50380761523,refrigerator
0.839679358717,3.48096192385,refrigerator
0.847294589178,3.45811623246,refrigerator
0.854909819639,3.43527054108,refrigerator
0.8625250501,3.4124248497,refrigerator
0.870140280561,3.38957915832,refrigerator
0.877755511022,3.36673346693,refrigerator
0.885370741483,3.34388777555,refrigerator
0.892985971944,3.32104208417,refrigerator
0.900601202405,3.29819639279,refrigerator
0.908216432866,3.2753507014,refrigerator
0.915831663327,3.25250501002,refrigerator
0.923446893788,3.22965931864,refrigerator
0.931062124248,3.20681362725,refrigerator
0.938677354709,3.18396793587,refrigerator
0.94629258517,3.16112224449,refrigerator
0.953907815631,3.13827655311,refrigerator
0.961523046092,3.11543086172,refrigerator
0.969138276553,3.09258517034,refrigerator
0.976753507014,3.06973947896,refrigerator
0.984368737475,3.04689378758,refrigerator
0.991983967936,3.02404809619,refrigerator
0.999599198397,3.00120240481,refrigerator
1.00721442886,2.97835671343,refrigerator
1.01482965932,2.95551102204,refrigerator
1.02244488978,2.93266533066,refrigerator
1.03006012024,2.90981963928,refrigerator
1.0376753507,2.8869739479,refrigerator
1.04529058116,2.86412825651,refrigerator
1.05290581162,2.84128256513,refrigerator
1.06052104208,2.81843687375,refrigerator
1.06813627255,2.79559118236,refrigerator
1.07575150301,2.77274549098,refrigerator
1.08336673347,2.7498997996,refrigerator
1.09098196393,2.72705410822,refrigerator
1.09859719439,2.70420841683,refrigerator
1.10621242485,2.68136272545,refrigerator
1.11382765531,2.65851703407,refrigerator
1.12144288577,2.63567134269,refrigerator
1.12905811623,2.6128256513,refrigerator
1.13667334669,2.58997995992,refrigerator
1.14428857715,2.56713426854,refrigerator
1.15190380762,2.54428857715,refrigerator
1.15951903808,2.52144288577,refrigerator
1.16713426854,2.49859719439,refrigerator
1.174749499,2.47575150301,refrigerator
1.18236472946,2.45290581162,refrigerator
1.18997995992,2.43006012024,refrigerator
1.19759519038,2.40721442886,refrigerator
1.20521042084,2.38436873747,refrigerator
1.2128256513,2.36152304609,refrigerator
1.22044088176,2.33867735471,refrigerator
1.22805611222,2.31583166333,refrigerator
1.23567134269,2.29298597194,refrigerator
1.24328657315,2.27014028056,refrigerator
1.25090180361,2.24729458918,refrigerator
1.25851703407,2.2244488978,refrigerator
1.26613226453,2.20160320641,refrigerator
1.27374749499,2.17875751503,refrigerator
1.28136272545,2.15591182365,refrigerator
1.28897795591,2.13306613226,refrigerator
1.29659318637,2.11022044088,refrigerator
1.30420841683,2.0873747495,refrigerator
1.31182364729,2.06452905812,refrigerator
1.31943887776,2.04168336673,refrigerator
1.32705410822,2.01883767535,refrigerator
1.33466933868,1.99599198397,refrigerator
1.34228456914,1.97314629259,refrigerator
1.3498997996,1.9503006012,refrigerator
1.35751503006,1.92745490982,refrigerator
1.36513026052,1.90460921844,refrigerator
1.37274549098,1.88176352705,refrigerator
1.38036072144,1.85891783567,refrigerator
1.3879759519,1.83607214429,refrigerator
1.39559118236,1.81322645291,refrigerator
1.40320641283,1.79038076152,refrigerator
1.41082164329,1.76753507014,refrigerator
1.41843687375,1.74468937876,refrigerator
1.42605210421,1.72184368737,refrigerator
1.43366733467,1.69899799599,refrigerator
1.44128256513,1.67615230461,refrigerator
1.44889779559,1.65330661323,refrigerator
1.45651302605,1.63046092184,refrigerator
1.46412825651,1.60761523046,refrigerator
1.47174348697,1.58476953908,refrigerator
1.47935871743,1.5619238477,refrigerator
1.4869739479,1.53907815631,refrigerator
1.49458917836,1.51623246493,refrigerator
1.50220440882,1.49338677355,heat_pump
1.50981963928,1.47054108216,heat_pump
1.51743486974,1.44769539078,heat_pump
1.5250501002,1.4248496994,heat_pump
1.53266533066,1.40200400802,heat_pump
1.54028056112,1.37915831663,heat_pump
1.54789579158,1.35631262525,heat_pump
1.55551102204,1.33346693387,heat_pump
1.56312625251,1.31062124248,heat_pump
1.57074148297,1.2877755511,heat_pump
1.57835671343,1.26492985972,heat_pump
1.58597194389,1.24208416834,heat_pump
1.59358717435,1.21923847695,heat_pump
1.60120240481,1.19639278557,heat_pump
1.60881763527,1.17354709419,heat_pump
1.61643286573,1.15070140281,heat_pump
1.62404809619,1.12785571142,heat_pump
1.63166332665,1.10501002004,heat_pump
1.63927855711,1.08216432866,heat_pump
1.64689378758,1.05931863727,heat_pump
1.65450901804,1.03647294589,heat_pump
1.6621242485,1.01362725451,heat_pump
1.66973947896,0.990781563126,heat_pump
1.67735470942,0.967935871743,heat_pump
1.68496993988,0.945090180361,heat_pump
1.69258517034,0.922244488978,heat_pump
1.7002004008,0.899398797595,heat_pump
1.70781563126,0.876553106212,heat_pump
1.71543086172,0.85370741483,heat_pump
1.72304609218,0.830861723447,heat_pump
1.73066132265,0.808016032064,heat_pump
1.73827655311,0.785170340681,heat_pump
1.74589178357,0.762324649299,heat_pump
1.75350701403,0.739478957916,heat_pump
1.76112224449,0.716633266533,heat_pump
1.76873747495,0.69378757515,heat_pump
1.77635270541,0.670941883768,heat_pump
1.78396793587,0.648096192385,heat_pump
1.79158316633,0.625250501002,heat_pump
1.79919839679,0.602404809619,heat_pump
1.80681362725,0.579559118236,heat_pump
1.81442885772,0.556713426854,heat_pump
1.82204408818,0.533867735471,heat_pump
1.82965931864,0.511022044088,heat_pump
1.8372745491,0.488176352705,heat_pump
1.84488977956,0.465330661323,heat_pump
1.85250501002,0.44248496994,heat_pump
1.86012024048,0.419639278557,heat_pump
1.86773547094,0.396793587174,heat_pump
1.8753507014,0.373947895792,heat_pump
1.88296593186,0.351102204409,heat_pump
1.89058116232,0.328256513026,heat_pump
1.89819639279,0.305410821643,heat_pump
1.90581162325,0.282565130261,heat_pump
1.91342685371,0.259719438878,heat_pump
1.92104208417,0.236873747495,heat_pump
1.92865731463,0.214028056112,heat_pump
1.93627254509,0.191182364729,heat_pump
1.94388777555,0.168336673347,heat_pump
1.95150300601,0.145490981964,heat_pump
1.95911823647,0.122645290581,heat_pump
1.96673346693,0.0997995991984,heat_pump
1.97434869739,0.0769539078156,heat_pump
1.98196392786,0.0541082164329,heat_pump
1.98957915832,0.0312625250501,heat_pump
1.99719438878,0.00841683366733,heat_pump
2.00480961924,-0.0144288577154,heat_engine
2.0124248497,-0.0372745490982,heat_engine
2.02004008016,-0.060120240481,heat_engine
2.02765531062,-0.0829659318637,heat_engine
2.03527054108,-0.105811623246,heat_engine
2.04288577154,-0.128657314629,heat_engine
2.050501002,-0.151503006012,heat_engine
2.05811623246,-0.174348697395,heat_engine
2.06573146293,-0.197194388778,heat_engine
2.07334669339,-0.22004008016,heat_engine
2.08096192385,-0.242885771543,heat_engine
2.08857715431,-0.265731462926,heat_engine
2.09619238477,-0.288577154309,heat_engine
2.10380761523,-0.311422845691,heat_engine
2.11142284569,-0.334268537074,heat_engine
2.11903807615,-0.357114228457,heat_engine
2.12665330661,-0.37995991984,heat_engine
2.13426853707,-0.402805611222,heat_engine
2.14188376754,-0.425651302605,heat_engine
2.149498998,-0.448496993988,heat_engine
2.15711422846,-0.471342685371,heat_engine
2.16472945892,-0.494188376754,heat_engine
2.17234468938,-0.517034068136,heat_engine
2.17995991984,-0.539879759519,heat_engine
2.1875751503,-0.562725450902,heat_engine
2.19519038076,-0.585571142285,heat_engine
2.20280561122,-0.608416833667,heat_engine
2.21042084168,-0.63126252505,heat_engine
2.21803607214,-0.654108216433,heat_engine
2.22565130261,-0.676953907816,heat_engine
2.23326653307,-0.699799599198,heat_engine
2.24088176353,-0.722645290581,heat_engine
2.24849699399,-0.745490981964,heat_engine
2.25611222445,-0.768336673347,heat_engine
2.26372745491,-0.791182364729,heat_engine
2.27134268537,-0.814028056112,heat_engine
2.27895791583,-0.836873747495,heat_engine
2.28657314629,-0.859719438878,heat_engine
2.29418837675,-0.882565130261,heat_engine
2.30180360721,-0.905410821643,heat_engine
2.30941883768,-0.928256513026,heat_engine
2.31703406814,-0.951102204409,heat_engine
2.3246492986,-0.973947895792,heat_engine
2.33226452906,-0.996793587174,heat_engine
2.33987975952,-1.01963927856,heat_engine
2.34749498998,-1.04248496994,heat_engine
2.35511022044,-1.06533066132,heat_engine
2.3627254509,-1.08817635271,heat_engine
2.37034068136,-1.11102204409,heat_engine
2.37795591182,-1.13386773547,heat_engine
2.38557114228,-1.15671342685,heat_engine
2.39318637275,-1.17955911824,heat_engine
2.40080160321,-1.20240480962,heat_engine
2.40841683367,-1.225250501,heat_engine
2.41603206413,-1.24809619238,heat_engine
2.42364729459,-1.27094188377,heat_engine
2.43126252505,-1.29378757515,heat_engine
2.43887775551,-1.31663326653,heat_engine
2.44649298597,-1.33947895792,heat_engine
2.45410821643,-1.3623246493,heat_engine
2.46172344689,-1.38517034068,heat_engine
2.46933867735,-1.40801603206,heat_engine
2.47695390782,-1.43086172345,heat_engine
2.48456913828,-1.45370741483,heat_engine
2.49218436874,-1.47655310621,heat_engine
2.4997995992,-1.4993987976,heat_engine
2.50741482966,-1.52224448898,heat_engine
2.51503006012,-1.54509018036,heat_engine
2.52264529058,-1.56793587174,heat_engine
2.53026052104,-1.59078156313,heat_engine
2.5378757515,-1.61362725451,heat_engine
2.54549098196,-1.63647294589,heat_engine
2.55310621242,-1.65931863727,heat_engine
2.56072144289,-1.68216432866,heat_engine
2.56833667335,-1.70501002004,heat_engine
2.57595190381,-1.72785571142,heat_engine
2.58356713427,-1.75070140281,heat_engine
2.59118236473,-1.77354709419,heat_engine
2.59879759519,-1.79639278557,heat_engine
2.60641282565,-1.81923847695,heat_engine
2.61402805611,-1.84208416834,heat_engine
2.62164328657,-1.86492985972,heat_engine
2.62925851703,-1.8877755511,heat_engine
2.63687374749,-1.91062124248,heat_engine
2.64448897796,-1.93346693387,heat_engine
2.65210420842,-1.95631262525,heat_engine
2.65971943888,-1.97915831663,heat_engine
2.66733466934,-2.00200400802,heat_engine
2.6749498998,-2.0248496994,heat_engine
2.68256513026,-2.04769539078,heat_engine
2.69018036072,-2.07054108216,heat_engine
2.69779559118,-2.09338677355,heat_engine
2.70541082164,-2.11623246493,heat_engine
2.7130260521,-2.13907815631,heat_engine
2.72064128257,-2.1619238477,heat_engine
2.72825651303,-2.18476953908,heat_engine
2.73587174349,-2.20761523046,heat_engine
2.74348697395,-2.23046092184,heat_engine
2.75110220441,-2.25330661323,heat_engine
2.75871743487,-2.27615230461,heat_engine
2.76633266533,-2.29899799599,heat_engine
2.77394789579,-2.32184368737,heat_engine
2.78156312625,-2.34468937876,heat_engine
2.78917835671,-2.36753507014,heat_engine
2.79679358717,-2.39038076152,heat_engine
2.80440881764,-2.41322645291,heat_engine
2.8120240481,-2.43607214429,heat_engine
2.81963927856,-2.45891783567,heat_engine
2.82725450902,-2.48176352705,heat_engine
2.83486973948,-2.50460921844,heat_engine
2.84248496994,-2.52745490982,heat_engine
2.8501002004,-2.5503006012,heat_engine
2.85771543086,-2.57314629259,heat_engine
2.86533066132,-2.59599198397,heat_engine
2.87294589178,-2.61883767535,heat_engine
2.88056112224,-2.64168336673,heat_engine
2.88817635271,-2.66452905812,heat_engine
2.89579158317,-2.6873747495,heat_engine
2.90340681363,-2.71022044088,heat_engine
2.91102204409,-2.73306613226,heat_engine
2.91863727455,-2.75591182365,heat_engine
2.92625250501,-2.77875751503,heat_engine
2.93386773547,-2.80160320641,heat_engine
2.94148296593,-2.8244488978,heat_engine
2.94909819639,-2.84729458918,heat_engine
2.95671342685,-2.87014028056,heat_engine
2.96432865731,-2.89298597194,heat_engine
2.97194388778,-2.91583166333,heat_engine
2.97955911824,-2.93867735471,heat_engine
2.9871743487,-2.96152304609,heat_engine
2.99478957916,-2.98436873747,heat_engine
3.00240480962,-3.00721442886,heat_engine
3.01002004008,-3.03006012024,heat_engine
3.01763527054,-3.05290581162,heat_engine
3.025250501,-3.07575150301,heat_engine
3.03286573146,-3.09859719439,heat_engine
3.04048096192,-3.12144288577,heat_engine
3.04809619238,-3.14428857715,heat_engine
3.05571142285,-3.16713426854,heat_engine
3.06332665331,-3.18997995992,heat_engine
3.07094188377,-3.2128256513,heat_engine
3.07855711423,-3.23567134269,heat_engine
3.08617234469,-3.25851703407,heat_engine
3.09378757515,-3.28136272545,heat_engine
3.10140280561,-3.30420841683,heat_engine
3.10901803607,-3.32705410822,heat_engine
3.11663326653,-3.3498997996,heat_engine
3.12424849699,-3.37274549098,heat_engine
3.13186372745,-3.39559118236,heat_engine
3.13947895792,-3.41843687375,heat_engine
3.14709418838,-3.44128256513,heat_engine
3.15470941884,-3.46412825651,heat_engine
3.1623246493,-3.4869739479,heat_engine
3.16993987976,-3.50981963928,heat_engine
3.17755511022,-3.53266533066,heat_engine
3.18517034068,-3.55551102204,heat_engine
3.19278557114,-3.57835671343,heat_engine
3.2004008016,-3.60120240481,heat_engine
3.20801603206,-3.62404809619,heat_engine
3.21563126253,-3.64689378758,heat_engine
3.22324649299,-3.66973947896,heat_engine
3.23086172345,-3.69258517034,heat_engine
3.23847695391,-3.71543086172,heat_engine
3.24609218437,-3.73827655311,heat_engine
3.25370741483,-3.76112224449,heat_engine
3.26132264529,-3.78396793587,heat_engine
3.26893787575,-3.80681362725,heat_engine
3.27655310621,-3.82965931864,heat_engine
3.28416833667,-3.85250501002,heat_engine
3.29178356713,-3.8753507014,heat_engine
3.2993987976,-3.89819639279,heat_engine
3.30701402806,-3.92104208417,heat_engine
3.31462925852,-3.94388777555,heat_engine
3.32224448898,-3.96673346693,heat_engine
3.32985971944,-3.98957915832,heat_engine
3.3374749499,-4.0124248497,heat_engine
3.34509018036,-4.03527054108,heat_engine
3.35270541082,-4.05811623246,heat_engine
3.36032064128,-4.08096192385,heat_engine
3.36793587174,-4.10380761523,heat_engine
3.3755511022,-4.12665330661,heat_engine
3.38316633267,-4.149498998,heat_engine
3.39078156313,-4.17234468938,heat_engine
3.39839679359,-4.19519038076,heat_engine
3.40601202405,-4.21803607214,heat_engine
3.41362725451,-4.24088176353,heat_engine
3.42124248497,-4.26372745491,heat_engine
3.42885771543,-4.28657314629,heat_engine
3.43647294589,-4.30941883768,heat_engine
3.44408817635,-4.33226452906,heat_engine
3.45170340681,-4.35511022044,heat_engine
3.45931863727,-4.37795591182,heat_engine
3.46693386774,-4.40080160321,heat_engine
3.4745490982,-4.42364729459,heat_engine
3.48216432866,-4.44649298597,heat_engine
3.48977955912,-4.46933867735,heat_engine
3.49739478958,-4.49218436874,heat_engine
3.50501002004,-4.51503006012,heat_engine
3.5126252505,-4.5378757515,heat_engine
3.52024048096,-4.56072144289,heat_engine
3.52785571142,-4.58356713427,heat_engine
3.53547094188,-4.60641282565,heat_engine
3.54308617234,-4.62925851703,heat_engine
3.55070140281,-4.65210420842,heat_engine
3.55831663327,-4.6749498998,heat_engine
3.56593186373,-4.69779559118,heat_engine
3.57354709419,-4.72064128257,heat_engine
3.58116232465,-4.74348697395,heat_engine
3.58877755511,-4.76633266533,heat_engine
3.59639278557,-4.78917835671,heat_engine
3.60400801603,-4.8120240481,heat_engine
3.61162324649,-4.83486973948,heat_engine
3.61923847695,-4.85771543086,heat_engine
3.62685370741,-4.88056112224,heat_engine
3.63446893788,-4.90340681363,heat_engine
3.64208416834,-4.92625250501,heat_engine
3.6496993988,-4.94909819639,heat_engine
3.65731462926,-4.97194388778,heat_engine
3.66492985972,-4.99478957916,heat_engine
3.67254509018,-5.01763527054,heat_engine
3.68016032064,-5.04048096192,heat_engine
3.6877755511,-5.06332665331,heat_engine
3.69539078156,-5.08617234469,heat_engine
3.70300601202,-5.10901803607,heat_engine
3.71062124248,-5.13186372745,heat_engine
3.71823647295,-5.15470941884,heat_engine
3.72585170341,-5.17755511022,heat_engine
3.73346693387,-5.2004008016,heat_engine
3.74108216433,-5.22324649299,heat_engine
3.74869739479,-5.24609218437,heat_engine
3.75631262525,-5.26893787575,heat_engine
3.76392785571,-5.29178356713,heat_engine
3.77154308617,-5.31462925852,heat_engine
3.77915831663,-5.3374749499,heat_engine
3.78677354709,-5.36032064128,heat_engine
3.79438877756,-5.38316633267,heat_engine
3.80200400802,-5.40601202405,heat_engine
3.80961923848,-5.42885771543,heat_engine
3.81723446894,-5.45170340681,heat_engine
3.8248496994,-5.4745490982,heat_engine
3.83246492986,-5.49739478958,heat_engine
3.84008016032,-5.52024048096,heat_engine
3.84769539078,-5.54308617234,heat_engine
3.85531062124,-5.56593186373,heat_engine
3.8629258517,-5.58877755511,heat_engine
3.87054108216,-5.61162324649,heat_engine
3.87815631263,-5.63446893788,heat_engine
3.88577154309,-5.65731462926,heat_engine
3.89338677355,-5.68016032064,heat_engine
3.90100200401,-5.70300601202,heat_engine
3.90861723447,-5.72585170341,heat_engine
3.91623246493,-5.74869739479,heat_engine
3.92384769539,-5.77154308617,heat_engine
3.93146292585,-5.79438877756,heat_engine
3.93907815631,-5.81723446894,heat_engine
3.94669338677,-5.84008016032,heat_engine
3.95430861723,-5.8629258517,heat_engine
3.9619238477,-5.88577154309,heat_engine
3.96953907816,-5.90861723447,heat_engine
3.97715430862,-5.93146292585,heat_engine
3.98476953908,-5.95430861723,heat_engine
3.99238476954,-5.97715430862,heat_engine
4,-6,heat_engine
