drive_amplitude,buffer_coupling,coupling_scale,direct_accuracy,buffered_accuracy,direct_min_margin,buffered_min_margin,margin_gain,trace_distance_gain,buffered_work_proxy,three_phase_label
0.0,0.0,0.5,1.0,1.0,0.49587993549917786,0.49583928731037186,-4.064818880600285e-05,-1.7612892330987062e-06,0.0,robust_pass
0.0,0.0,1.0,1.0,1.0,0.49994201078120737,0.4999403919242349,-1.618856972473992e-06,-1.1821945281043078e-07,0.0,robust_pass
0.0,0.0,1.5,1.0,1.0,0.499950293953461,0.49996056665857647,1.027270511544387e-05,1.013818655887233e-06,0.0,robust_pass
0.0,0.0,2.0,1.0,1.0,0.4999098373002768,0.49995001987062193,4.0182570345104196e-05,-2.463094800064791e-07,0.0,robust_pass
0.0,0.01,0.5,1.0,1.0,0.49587993549917786,0.4753692978940034,-0.020510637605174464,-0.00022608271488958054,0.0,robust_pass
0.0,0.01,1.0,1.0,1.0,0.49994201078120737,0.4852145374777719,-0.01472747330343549,-0.00018268408578464568,0.0,robust_pass
0.0,0.01,1.5,1.0,1.0,0.499950293953461,0.4888987546120114,-0.011051539341449645,-0.00013638183883193933,0.0,robust_pass
0.0,0.01,2.0,1.0,1.0,0.4999098373002768,0.4917434624042163,-0.008166374896060535,-0.00010174919083150158,0.0,robust_pass
0.0,0.02,0.5,1.0,1.0,0.49587993549917786,0.420318538555535,-0.07556139694364283,-0.0008747234040778484,0.0,robust_pass
0.0,0.02,1.0,1.0,1.0,0.49994201078120737,0.4423842697725209,-0.05755774100868649,-0.0007113242500905725,0.0,robust_pass
0.0,0.02,1.5,1.0,1.0,0.499950293953461,0.45643865093236347,-0.04351164302109756,-0.0005371773465660534,0.0,robust_pass
0.0,0.02,2.0,1.0,1.0,0.4999098373002768,0.46749308520633215,-0.03241675209394468,-0.00040117418791407733,0.0,robust_pass
0.0,0.04,0.5,1.0,1.0,0.49587993549917786,0.2386470384801722,-0.25723289701900565,-0.0031622138819162593,0.0,robust_pass
0.0,0.04,1.0,1.0,1.0,0.49994201078120737,0.2882134946689565,-0.21172851611225085,-0.0026171866446234315,0.0,robust_pass
0.0,0.04,1.5,1.0,1.0,0.499950293953461,0.3365719692523268,-0.16337832470113423,-0.0020182808899008864,0.0,robust_pass
0.0,0.04,2.0,1.0,1.0,0.4999098373002768,0.3761392415988438,-0.123770595701433,-0.0015296862483097085,0.0,robust_pass
0.0,0.08,0.5,1.0,0.5,0.49587993549917786,0.2430241448049546,-0.25285579069422326,-0.00909840651783475,0.0,fail
0.0,0.08,1.0,1.0,0.5,0.49994201078120737,0.14245254736646196,-0.3574894634147454,-0.007953128931640768,0.0,fail
0.0,0.08,1.5,1.0,0.5,0.499950293953461,0.024711746753438124,-0.4752385472000229,-0.006491898322207035,0.0,fail
0.0,0.08,2.0,1.0,1.0,0.4999098373002768,0.082418079843813,-0.41749175745646383,-0.005164481909327695,0.0,robust_pass
0.1,0.0,0.5,1.0,1.0,0.49587993549917786,0.49583688099109335,-4.305450808450573e-05,-2.1286683244692295e-06,-0.0002961310395307907,robust_pass
0.1,0.0,1.0,1.0,1.0,0.49994201078120737,0.49991361915417465,-2.8391627032720024e-05,-1.3044156038366506e-06,-0.0005355848429587026,robust_pass
0.1,0.0,1.5,1.0,1.0,0.499950293953461,0.4999471524360277,-3.1415174333027096e-06,1.6814209599647079e-07,-0.0007692498392476395,robust_pass
0.1,0.0,2.0,1.0,1.0,0.4999098373002768,0.4999474284064682,3.75911061913925e-05,-3.110066865152916e-07,-0.0009945060459727647,robust_pass
0.1,0.01,0.5,1.0,1.0,0.49587993549917786,0.474985900050368,-0.020894035448809856,-0.00023190525550252639,-0.0002961315045555057,robust_pass
0.1,0.01,1.0,1.0,1.0,0.49994201078120737,0.4850023447995029,-0.014939665981704486,-0.00018532862906226952,-0.0005355474395307459,robust_pass
0.1,0.01,1.5,1.0,1.0,0.499950293953461,0.48878149603348997,-0.011168797919971052,-0.00013783239652687823,-0.00076899945394906,robust_pass
0.1,0.01,2.0,1.0,1.0,0.4999098373002768,0.49168033039148495,-0.008229506908791873,-0.00010252955673506481,-0.0009941625819030865,robust_pass
0.1,0.02,0.5,1.0,1.0,0.49587993549917786,0.4189270749875671,-0.07695286051161077,-0.0008945225170119142,-0.00029559591466561967,robust_pass
0.1,0.02,1.0,1.0,1.0,0.49994201078120737,0.44157312658197134,-0.058368884199236026,-0.0007213828755176337,-0.0005353312900309997,robust_pass
0.1,0.02,1.5,1.0,1.0,0.499950293953461,0.4559842848730935,-0.04396600908036752,-0.000542792505554876,-0.0007686770207965255,robust_pass
0.1,0.02,2.0,1.0,1.0,0.4999098373002768,0.4672465137403654,-0.03266332355991142,-0.00040420351891399045,-0.0009935554525731102,robust_pass
0.1,0.04,0.5,1.0,1.0,0.49587993549917786,0.2343862798626879,-0.26149365563648996,-0.0032153947585471902,-0.0002936836528095437,robust_pass
0.1,0.04,1.0,1.0,1.0,0.49994201078120737,0.2854654265314702,-0.21447658424973715,-0.0026512347108611015,-0.0005341023781681226,robust_pass
0.1,0.04,1.5,1.0,1.0,0.499950293953461,0.33496827861697476,-0.16498201533648627,-0.00203813497781858,-0.0007673868960918322,robust_pass
0.1,0.04,2.0,1.0,1.0,0.4999098373002768,0.3752402283332621,-0.12466960896701473,-0.0015408062410565242,-0.0009913759076714747,robust_pass
0.1,0.08,0.5,1.0,0.5,0.49587993549917786,0.2513054865345552,-0.24457444896462266,-0.009204702880959599,-0.0002915495523128928,fail
0.1,0.08,1.0,1.0,0.5,0.49994201078120737,0.14879905389178472,-0.35114295688942265,-0.008031951898582145,-0.0005341361723324959,fail
0.1,0.08,1.5,1.0,0.5,0.499950293953461,0.028877169226573685,-0.47107312472688734,-0.006543574447025753,-0.0007663534128628982,fail
0.1,0.08,2.0,1.0,1.0,0.4999098373002768,0.07983878421422208,-0.42007105308605475,-0.005196435296086762,-0.0009870039049651215,robust_pass
0.2,0.0,0.5,1.0,1.0,0.49587993549917786,0.4958368809861229,-4.305451305497421e-05,-2.1286683461185785e-06,-0.0011815886297561473,robust_pass
0.2,0.0,1.0,1.0,1.0,0.49994201078120737,0.4999136191548197,-2.8391626387680446e-05,-1.3044155650343559e-06,-0.002136740096979533,robust_pass
0.2,0.0,1.5,1.0,1.0,0.499950293953461,0.4999471524360517,-3.1415174093218923e-06,1.681420983834503e-07,-0.003068831816312639,robust_pass
0.2,0.0,2.0,1.0,1.0,0.4999098373002768,0.4999474284064682,3.75911061913925e-05,-3.1100668657080277e-07,-0.003965753957135148,robust_pass
0.2,0.01,0.5,1.0,1.0,0.49587993549917786,0.47382912261960164,-0.02205081287957622,-0.00024956554143244075,-0.0011807625437903974,robust_pass
0.2,0.01,1.0,1.0,1.0,0.49994201078120737,0.48436863470318636,-0.015573376078021006,-0.00019320176384284016,-0.002135606583005903,robust_pass
0.2,0.01,1.5,1.0,1.0,0.499950293953461,0.48843666321952095,-0.011513630733940072,-0.00014209024580371515,-0.003067902404627826,robust_pass
0.2,0.01,2.0,1.0,1.0,0.4999098373002768,0.4914966651062418,-0.008413172194035035,-0.00010479636425689623,-0.003964706868557365,robust_pass
0.2,0.02,0.5,1.0,1.0,0.49587993549917786,0.41470053364987813,-0.08117940184929973,-0.0009553864127127866,-0.0011775934980260317,robust_pass
0.2,0.02,1.0,1.0,1.0,0.49994201078120737,0.4391485103903623,-0.06079350039084508,-0.0007514901128442691,-0.0021335098271369397,robust_pass
0.2,0.02,1.5,1.0,1.0,0.499950293953461,0.45464977676587015,-0.04530051718759087,-0.0005592785866032346,-0.003065319651855944,robust_pass
0.2,0.02,2.0,1.0,1.0,0.4999098373002768,0.4665292032997599,-0.03338063400051694,-0.00041306179827824835,-0.003961462634544298,robust_pass
0.2,0.04,0.5,1.0,1.0,0.49587993549917786,0.2214858349131008,-0.27439410058607705,-0.003376683592961831,-0.0011684497687128076,robust_pass
0.2,0.04,1.0,1.0,1.0,0.49994201078120737,0.277289889662812,-0.22265212111839539,-0.0027524565378149943,-0.002126575648027515,robust_pass
0.2,0.04,1.5,1.0,1.0,0.499950293953461,0.33026499837617784,-0.16968529557728318,-0.0020962892458956106,-0.0030570733273909247,robust_pass
0.2,0.04,2.0,1.0,1.0,0.4999098373002768,0.37262751251100146,-0.12728232478927537,-0.0015730982361669213,-0.003950389098745691,robust_pass
0.2,0.08,0.5,1.0,0.5,0.49587993549917786,0.2759389798490386,-0.21994095565013927,-0.009520582744883294,-0.0011542796422870116,fail
0.2,0.08,1.0,1.0,0.5,0.49994201078120737,0.1674461946035124,-0.33249581617769497,-0.00826350199710528,-0.0021179253116127656,fail
0.2,0.08,1.5,1.0,0.5,0.499950293953461,0.041013347381525955,-0.45893694657193507,-0.006694063803874668,-0.0030431500781639086,fail
0.2,0.08,2.0,1.0,1.0,0.4999098373002768,0.07236719645367229,-0.42754264084660454,-0.005289016620610626,-0.00392368730648431,robust_pass
0.35,0.0,0.5,1.0,1.0,0.49587993549917786,0.4958368809935869,-4.3054505590944814e-05,-2.12866827917213e-06,-0.0035723890211372365,robust_pass
0.35,0.0,1.0,1.0,1.0,0.49994201078120737,0.4999136191547955,-2.839162641188331e-05,-1.30441553075622e-06,-0.0064629041764594514,robust_pass
0.35,0.0,1.5,1.0,1.0,0.499950293953461,0.4999471524360719,-3.1415173891158332e-06,1.681420984944726e-07,-0.009282178894230855,robust_pass
0.35,0.0,2.0,1.0,1.0,0.4999098373002768,0.4999474284064662,3.75911061893941e-05,-3.110066867373362e-07,-0.011988671448288107,robust_pass
0.35,0.01,0.5,1.0,1.0,0.49587993549917786,0.47053249162433275,-0.02534744387484511,-0.000300264225698163,-0.003567777947435978,robust_pass
0.35,0.01,1.0,1.0,1.0,0.49994201078120737,0.48262918235866503,-0.017312828422542337,-0.000214846384827376,-0.0064579787393245925,robust_pass
0.35,0.01,1.5,1.0,1.0,0.499950293953461,0.4875361428566036,-0.012414151096857395,-0.00015320923822846957,-0.009277073924278376,robust_pass
0.35,0.01,2.0,1.0,1.0,0.4999098373002768,0.49102999993302165,-0.008879837367255172,-0.00011055779294796841,-0.011983197953419811,robust_pass
0.35,0.02,0.5,1.0,1.0,0.49587993549917786,0.402666491038949,-0.09321344446022883,-0.0011292333870252802,-0.0035542105628447165,robust_pass
0.35,0.02,1.0,1.0,1.0,0.49994201078120737,0.43252971755388736,-0.06741229322732001,-0.0008336492030786707,-0.006444485762219341,robust_pass
0.35,0.02,1.5,1.0,1.0,0.499950293953461,0.45117024513303994,-0.048780048820421085,-0.0006022473695412867,-0.009262369231106592,robust_pass
0.35,0.02,2.0,1.0,1.0,0.4999098373002768,0.46470870027745126,-0.03520113702282557,-0.0004355431680894972,-0.011967746186629487,robust_pass
0.35,0.04,0.5,1.0,1.0,0.49587993549917786,0.18524839953895067,-0.3106315359602272,-0.0038317790479828334,-0.003506424028694075,robust_pass
0.35,0.04,1.0,1.0,1.0,0.49994201078120737,0.25526928194123255,-0.24467272883997482,-0.0030252749190663175,-0.006397326090743109,robust_pass
0.35,0.04,1.5,1.0,1.0,0.499950293953461,0.3180728479191046,-0.1818774460343564,-0.002247063351531582,-0.00921160734970124,robust_pass
0.35,0.04,2.0,1.0,1.0,0.4999098373002768,0.36601662347963937,-0.13389321382063746,-0.001654811781271328,-0.011911945237990305,robust_pass
0.35,0.08,0.5,1.0,0.5,0.49587993549917786,0.3420509581795337,-0.15382897731964418,-0.010363539046699134,-0.003419932971692321,fail
0.35,0.08,1.0,1.0,0.5,0.49994201078120737,0.21597480180338202,-0.28396720897782535,-0.008866184503463402,-0.006302495883398423,fail
0.35,0.08,1.5,1.0,0.5,0.499950293953461,0.07189994568740166,-0.42805034826605937,-0.007077169965683177,-0.009093076698453993,fail
0.35,0.08,2.0,1.0,1.0,0.4999098373002768,0.053652308971366525,-0.4462575283289103,-0.005520937194766547,-0.011760199741643215,robust_pass
