drive_amplitude,buffer_coupling,coupling_scale,architecture,truth_table_accuracy,min_margin,final_trace_distance,integrated_drive_work_proxy,phase_label
0.0,0.0,0.5,direct_three_qubit,1.0,0.49587993549917786,0.024650126342162543,0.0,robust_pass
0.0,0.0,0.5,floquet_buffered_three_qubit,1.0,0.49583928731037186,0.024648365052929444,0.0,robust_pass
0.0,0.0,1.0,direct_three_qubit,1.0,0.49994201078120737,0.024852148875826846,0.0,robust_pass
0.0,0.0,1.0,floquet_buffered_three_qubit,1.0,0.4999403919242349,0.024852030656374036,0.0,robust_pass
0.0,0.0,1.5,direct_three_qubit,1.0,0.499950293953461,0.024852345695947464,0.0,robust_pass
0.0,0.0,1.5,floquet_buffered_three_qubit,1.0,0.49996056665857647,0.02485335951460335,0.0,robust_pass
0.0,0.0,2.0,direct_three_qubit,1.0,0.4999098373002768,0.02485283858329007,0.0,robust_pass
0.0,0.0,2.0,floquet_buffered_three_qubit,1.0,0.49995001987062193,0.024852592273810065,0.0,robust_pass
0.0,0.01,0.5,direct_three_qubit,1.0,0.49587993549917786,0.024650126342162543,0.0,robust_pass
0.0,0.01,0.5,floquet_buffered_three_qubit,1.0,0.4753692978940034,0.024424043627272962,0.0,robust_pass
0.0,0.01,1.0,direct_three_qubit,1.0,0.49994201078120737,0.024852148875826846,0.0,robust_pass
0.0,0.01,1.0,floquet_buffered_three_qubit,1.0,0.4852145374777719,0.0246694647900422,0.0,robust_pass
0.0,0.01,1.5,direct_three_qubit,1.0,0.499950293953461,0.024852345695947464,0.0,robust_pass
0.0,0.01,1.5,floquet_buffered_three_qubit,1.0,0.4888987546120114,0.024715963857115525,0.0,robust_pass
0.0,0.01,2.0,direct_three_qubit,1.0,0.4999098373002768,0.02485283858329007,0.0,robust_pass
0.0,0.01,2.0,floquet_buffered_three_qubit,1.0,0.4917434624042163,0.02475108939245857,0.0,robust_pass
0.0,0.02,0.5,direct_three_qubit,1.0,0.49587993549917786,0.024650126342162543,0.0,robust_pass
0.0,0.02,0.5,floquet_buffered_three_qubit,1.0,0.420318538555535,0.023775402938084694,0.0,robust_pass
0.0,0.02,1.0,direct_three_qubit,1.0,0.49994201078120737,0.024852148875826846,0.0,robust_pass
0.0,0.02,1.0,floquet_buffered_three_qubit,1.0,0.4423842697725209,0.024140824625736274,0.0,robust_pass
0.0,0.02,1.5,direct_three_qubit,1.0,0.499950293953461,0.024852345695947464,0.0,robust_pass
0.0,0.02,1.5,floquet_buffered_three_qubit,1.0,0.45643865093236347,0.02431516834938141,0.0,robust_pass
0.0,0.02,2.0,direct_three_qubit,1.0,0.4999098373002768,0.02485283858329007,0.0,robust_pass
0.0,0.02,2.0,floquet_buffered_three_qubit,1.0,0.46749308520633215,0.024451664395375994,0.0,robust_pass
0.0,0.04,0.5,direct_three_qubit,1.0,0.49587993549917786,0.024650126342162543,0.0,robust_pass
0.0,0.04,0.5,floquet_buffered_three_qubit,1.0,0.2386470384801722,0.021487912460246283,0.0,robust_pass
0.0,0.04,1.0,direct_three_qubit,1.0,0.49994201078120737,0.024852148875826846,0.0,robust_pass
0.0,0.04,1.0,floquet_buffered_three_qubit,1.0,0.2882134946689565,0.022234962231203415,0.0,robust_pass
0.0,0.04,1.5,direct_three_qubit,1.0,0.499950293953461,0.024852345695947464,0.0,robust_pass
0.0,0.04,1.5,floquet_buffered_three_qubit,1.0,0.3365719692523268,0.022834064806046578,0.0,robust_pass
0.0,0.04,2.0,direct_three_qubit,1.0,0.4999098373002768,0.02485283858329007,0.0,robust_pass
0.0,0.04,2.0,floquet_buffered_three_qubit,1.0,0.3761392415988438,0.023323152334980363,0.0,robust_pass
0.0,0.08,0.5,direct_three_qubit,1.0,0.49587993549917786,0.024650126342162543,0.0,robust_pass
0.0,0.08,0.5,floquet_buffered_three_qubit,0.5,0.2430241448049546,0.015551719824327792,0.0,fail
0.0,0.08,1.0,direct_three_qubit,1.0,0.49994201078120737,0.024852148875826846,0.0,robust_pass
0.0,0.08,1.0,floquet_buffered_three_qubit,0.5,0.14245254736646196,0.016899019944186078,0.0,fail
0.0,0.08,1.5,direct_three_qubit,1.0,0.499950293953461,0.024852345695947464,0.0,robust_pass
0.0,0.08,1.5,floquet_buffered_three_qubit,0.5,0.024711746753438124,0.01836044737374043,0.0,fail
0.0,0.08,2.0,direct_three_qubit,1.0,0.4999098373002768,0.02485283858329007,0.0,robust_pass
0.0,0.08,2.0,floquet_buffered_three_qubit,1.0,0.082418079843813,0.019688356673962376,0.0,robust_pass
0.1,0.0,0.5,direct_three_qubit,1.0,0.49587993549917786,0.024650126342162543,0.0,robust_pass
0.1,0.0,0.5,floquet_buffered_three_qubit,1.0,0.49583688099109335,0.024647997673838073,-0.0002961310395307907,robust_pass
0.1,0.0,1.0,direct_three_qubit,1.0,0.49994201078120737,0.024852148875826846,0.0,robust_pass
0.1,0.0,1.0,floquet_buffered_three_qubit,1.0,0.49991361915417465,0.02485084446022301,-0.0005355848429587026,robust_pass
0.1,0.0,1.5,direct_three_qubit,1.0,0.499950293953461,0.024852345695947464,0.0,robust_pass
0.1,0.0,1.5,floquet_buffered_three_qubit,1.0,0.4999471524360277,0.02485251383804346,-0.0007692498392476395,robust_pass
0.1,0.0,2.0,direct_three_qubit,1.0,0.4999098373002768,0.02485283858329007,0.0,robust_pass
0.1,0.0,2.0,floquet_buffered_three_qubit,1.0,0.4999474284064682,0.024852527576603556,-0.0009945060459727647,robust_pass
0.1,0.01,0.5,direct_three_qubit,1.0,0.49587993549917786,0.024650126342162543,0.0,robust_pass
0.1,0.01,0.5,floquet_buffered_three_qubit,1.0,0.474985900050368,0.024418221086660016,-0.0002961315045555057,robust_pass
0.1,0.01,1.0,direct_three_qubit,1.0,0.49994201078120737,0.024852148875826846,0.0,robust_pass
0.1,0.01,1.0,floquet_buffered_three_qubit,1.0,0.4850023447995029,0.024666820246764577,-0.0005355474395307459,robust_pass
0.1,0.01,1.5,direct_three_qubit,1.0,0.499950293953461,0.024852345695947464,0.0,robust_pass
0.1,0.01,1.5,floquet_buffered_three_qubit,1.0,0.48878149603348997,0.024714513299420586,-0.00076899945394906,robust_pass
0.1,0.01,2.0,direct_three_qubit,1.0,0.4999098373002768,0.02485283858329007,0.0,robust_pass
0.1,0.01,2.0,floquet_buffered_three_qubit,1.0,0.49168033039148495,0.024750309026555006,-0.0009941625819030865,robust_pass
0.1,0.02,0.5,direct_three_qubit,1.0,0.49587993549917786,0.024650126342162543,0.0,robust_pass
0.1,0.02,0.5,floquet_buffered_three_qubit,1.0,0.4189270749875671,0.02375560382515063,-0.00029559591466561967,robust_pass
0.1,0.02,1.0,direct_three_qubit,1.0,0.49994201078120737,0.024852148875826846,0.0,robust_pass
0.1,0.02,1.0,floquet_buffered_three_qubit,1.0,0.44157312658197134,0.024130766000309212,-0.0005353312900309997,robust_pass
0.1,0.02,1.5,direct_three_qubit,1.0,0.499950293953461,0.024852345695947464,0.0,robust_pass
0.1,0.02,1.5,floquet_buffered_three_qubit,1.0,0.4559842848730935,0.024309553190392588,-0.0007686770207965255,robust_pass
0.1,0.02,2.0,direct_three_qubit,1.0,0.4999098373002768,0.02485283858329007,0.0,robust_pass
0.1,0.02,2.0,floquet_buffered_three_qubit,1.0,0.4672465137403654,0.02444863506437608,-0.0009935554525731102,robust_pass
0.1,0.04,0.5,direct_three_qubit,1.0,0.49587993549917786,0.024650126342162543,0.0,robust_pass
0.1,0.04,0.5,floquet_buffered_three_qubit,1.0,0.2343862798626879,0.021434731583615352,-0.0002936836528095437,robust_pass
0.1,0.04,1.0,direct_three_qubit,1.0,0.49994201078120737,0.024852148875826846,0.0,robust_pass
0.1,0.04,1.0,floquet_buffered_three_qubit,1.0,0.2854654265314702,0.022200914164965745,-0.0005341023781681226,robust_pass
0.1,0.04,1.5,direct_three_qubit,1.0,0.499950293953461,0.024852345695947464,0.0,robust_pass
0.1,0.04,1.5,floquet_buffered_three_qubit,1.0,0.33496827861697476,0.022814210718128884,-0.0007673868960918322,robust_pass
0.1,0.04,2.0,direct_three_qubit,1.0,0.4999098373002768,0.02485283858329007,0.0,robust_pass
0.1,0.04,2.0,floquet_buffered_three_qubit,1.0,0.3752402283332621,0.023312032342233547,-0.0009913759076714747,robust_pass
0.1,0.08,0.5,direct_three_qubit,1.0,0.49587993549917786,0.024650126342162543,0.0,robust_pass
0.1,0.08,0.5,floquet_buffered_three_qubit,0.5,0.2513054865345552,0.015445423461202944,-0.0002915495523128928,fail
0.1,0.08,1.0,direct_three_qubit,1.0,0.49994201078120737,0.024852148875826846,0.0,robust_pass
0.1,0.08,1.0,floquet_buffered_three_qubit,0.5,0.14879905389178472,0.0168201969772447,-0.0005341361723324959,fail
0.1,0.08,1.5,direct_three_qubit,1.0,0.499950293953461,0.024852345695947464,0.0,robust_pass
0.1,0.08,1.5,floquet_buffered_three_qubit,0.5,0.028877169226573685,0.01830877124892171,-0.0007663534128628982,fail
0.1,0.08,2.0,direct_three_qubit,1.0,0.4999098373002768,0.02485283858329007,0.0,robust_pass
0.1,0.08,2.0,floquet_buffered_three_qubit,1.0,0.07983878421422208,0.01965640328720331,-0.0009870039049651215,robust_pass
0.2,0.0,0.5,direct_three_qubit,1.0,0.49587993549917786,0.024650126342162543,0.0,robust_pass
0.2,0.0,0.5,floquet_buffered_three_qubit,1.0,0.4958368809861229,0.024647997673816424,-0.0011815886297561473,robust_pass
0.2,0.0,1.0,direct_three_qubit,1.0,0.49994201078120737,0.024852148875826846,0.0,robust_pass
0.2,0.0,1.0,floquet_buffered_three_qubit,1.0,0.4999136191548197,0.02485084446026181,-0.002136740096979533,robust_pass
0.2,0.0,1.5,direct_three_qubit,1.0,0.499950293953461,0.024852345695947464,0.0,robust_pass
0.2,0.0,1.5,floquet_buffered_three_qubit,1.0,0.4999471524360517,0.024852513838045848,-0.003068831816312639,robust_pass
0.2,0.0,2.0,direct_three_qubit,1.0,0.4999098373002768,0.02485283858329007,0.0,robust_pass
0.2,0.0,2.0,floquet_buffered_three_qubit,1.0,0.4999474284064682,0.0248525275766035,-0.003965753957135148,robust_pass
0.2,0.01,0.5,direct_three_qubit,1.0,0.49587993549917786,0.024650126342162543,0.0,robust_pass
0.2,0.01,0.5,floquet_buffered_three_qubit,1.0,0.47382912261960164,0.024400560800730102,-0.0011807625437903974,robust_pass
0.2,0.01,1.0,direct_three_qubit,1.0,0.49994201078120737,0.024852148875826846,0.0,robust_pass
0.2,0.01,1.0,floquet_buffered_three_qubit,1.0,0.48436863470318636,0.024658947111984006,-0.002135606583005903,robust_pass
0.2,0.01,1.5,direct_three_qubit,1.0,0.499950293953461,0.024852345695947464,0.0,robust_pass
0.2,0.01,1.5,floquet_buffered_three_qubit,1.0,0.48843666321952095,0.02471025545014375,-0.003067902404627826,robust_pass
0.2,0.01,2.0,direct_three_qubit,1.0,0.4999098373002768,0.02485283858329007,0.0,robust_pass
0.2,0.01,2.0,floquet_buffered_three_qubit,1.0,0.4914966651062418,0.024748042219033175,-0.003964706868557365,robust_pass
0.2,0.02,0.5,direct_three_qubit,1.0,0.49587993549917786,0.024650126342162543,0.0,robust_pass
0.2,0.02,0.5,floquet_buffered_three_qubit,1.0,0.41470053364987813,0.023694739929449756,-0.0011775934980260317,robust_pass
0.2,0.02,1.0,direct_three_qubit,1.0,0.49994201078120737,0.024852148875826846,0.0,robust_pass
0.2,0.02,1.0,floquet_buffered_three_qubit,1.0,0.4391485103903623,0.024100658762982577,-0.0021335098271369397,robust_pass
0.2,0.02,1.5,direct_three_qubit,1.0,0.499950293953461,0.024852345695947464,0.0,robust_pass
0.2,0.02,1.5,floquet_buffered_three_qubit,1.0,0.45464977676587015,0.02429306710934423,-0.003065319651855944,robust_pass
0.2,0.02,2.0,direct_three_qubit,1.0,0.4999098373002768,0.02485283858329007,0.0,robust_pass
0.2,0.02,2.0,floquet_buffered_three_qubit,1.0,0.4665292032997599,0.024439776785011823,-0.003961462634544298,robust_pass
0.2,0.04,0.5,direct_three_qubit,1.0,0.49587993549917786,0.024650126342162543,0.0,robust_pass
0.2,0.04,0.5,floquet_buffered_three_qubit,1.0,0.2214858349131008,0.021273442749200712,-0.0011684497687128076,robust_pass
0.2,0.04,1.0,direct_three_qubit,1.0,0.49994201078120737,0.024852148875826846,0.0,robust_pass
0.2,0.04,1.0,floquet_buffered_three_qubit,1.0,0.277289889662812,0.022099692338011852,-0.002126575648027515,robust_pass
0.2,0.04,1.5,direct_three_qubit,1.0,0.499950293953461,0.024852345695947464,0.0,robust_pass
0.2,0.04,1.5,floquet_buffered_three_qubit,1.0,0.33026499837617784,0.022756056450051854,-0.0030570733273909247,robust_pass
0.2,0.04,2.0,direct_three_qubit,1.0,0.4999098373002768,0.02485283858329007,0.0,robust_pass
0.2,0.04,2.0,floquet_buffered_three_qubit,1.0,0.37262751251100146,0.02327974034712315,-0.003950389098745691,robust_pass
0.2,0.08,0.5,direct_three_qubit,1.0,0.49587993549917786,0.024650126342162543,0.0,robust_pass
0.2,0.08,0.5,floquet_buffered_three_qubit,0.5,0.2759389798490386,0.01512954359727925,-0.0011542796422870116,fail
0.2,0.08,1.0,direct_three_qubit,1.0,0.49994201078120737,0.024852148875826846,0.0,robust_pass
0.2,0.08,1.0,floquet_buffered_three_qubit,0.5,0.1674461946035124,0.016588646878721566,-0.0021179253116127656,fail
0.2,0.08,1.5,direct_three_qubit,1.0,0.499950293953461,0.024852345695947464,0.0,robust_pass
0.2,0.08,1.5,floquet_buffered_three_qubit,0.5,0.041013347381525955,0.018158281892072796,-0.0030431500781639086,fail
0.2,0.08,2.0,direct_three_qubit,1.0,0.4999098373002768,0.02485283858329007,0.0,robust_pass
0.2,0.08,2.0,floquet_buffered_three_qubit,1.0,0.07236719645367229,0.019563821962679445,-0.00392368730648431,robust_pass
0.35,0.0,0.5,direct_three_qubit,1.0,0.49587993549917786,0.024650126342162543,0.0,robust_pass
0.35,0.0,0.5,floquet_buffered_three_qubit,1.0,0.4958368809935869,0.02464799767388337,-0.0035723890211372365,robust_pass
0.35,0.0,1.0,direct_three_qubit,1.0,0.49994201078120737,0.024852148875826846,0.0,robust_pass
0.35,0.0,1.0,floquet_buffered_three_qubit,1.0,0.4999136191547955,0.02485084446029609,-0.0064629041764594514,robust_pass
0.35,0.0,1.5,direct_three_qubit,1.0,0.499950293953461,0.024852345695947464,0.0,robust_pass
0.35,0.0,1.5,floquet_buffered_three_qubit,1.0,0.4999471524360719,0.02485251383804596,-0.009282178894230855,robust_pass
0.35,0.0,2.0,direct_three_qubit,1.0,0.4999098373002768,0.02485283858329007,0.0,robust_pass
0.35,0.0,2.0,floquet_buffered_three_qubit,1.0,0.4999474284064662,0.024852527576603334,-0.011988671448288107,robust_pass
0.35,0.01,0.5,direct_three_qubit,1.0,0.49587993549917786,0.024650126342162543,0.0,robust_pass
0.35,0.01,0.5,floquet_buffered_three_qubit,1.0,0.47053249162433275,0.02434986211646438,-0.003567777947435978,robust_pass
0.35,0.01,1.0,direct_three_qubit,1.0,0.49994201078120737,0.024852148875826846,0.0,robust_pass
0.35,0.01,1.0,floquet_buffered_three_qubit,1.0,0.48262918235866503,0.02463730249099947,-0.0064579787393245925,robust_pass
0.35,0.01,1.5,direct_three_qubit,1.0,0.499950293953461,0.024852345695947464,0.0,robust_pass
0.35,0.01,1.5,floquet_buffered_three_qubit,1.0,0.4875361428566036,0.024699136457718995,-0.009277073924278376,robust_pass
0.35,0.01,2.0,direct_three_qubit,1.0,0.4999098373002768,0.02485283858329007,0.0,robust_pass
0.35,0.01,2.0,floquet_buffered_three_qubit,1.0,0.49102999993302165,0.024742280790342103,-0.011983197953419811,robust_pass
0.35,0.02,0.5,direct_three_qubit,1.0,0.49587993549917786,0.024650126342162543,0.0,robust_pass
0.35,0.02,0.5,floquet_buffered_three_qubit,1.0,0.402666491038949,0.023520892955137263,-0.0035542105628447165,robust_pass
0.35,0.02,1.0,direct_three_qubit,1.0,0.49994201078120737,0.024852148875826846,0.0,robust_pass
0.35,0.02,1.0,floquet_buffered_three_qubit,1.0,0.43252971755388736,0.024018499672748175,-0.006444485762219341,robust_pass
0.35,0.02,1.5,direct_three_qubit,1.0,0.499950293953461,0.024852345695947464,0.0,robust_pass
0.35,0.02,1.5,floquet_buffered_three_qubit,1.0,0.45117024513303994,0.024250098326406178,-0.009262369231106592,robust_pass
0.35,0.02,2.0,direct_three_qubit,1.0,0.4999098373002768,0.02485283858329007,0.0,robust_pass
0.35,0.02,2.0,floquet_buffered_three_qubit,1.0,0.46470870027745126,0.024417295415200574,-0.011967746186629487,robust_pass
0.35,0.04,0.5,direct_three_qubit,1.0,0.49587993549917786,0.024650126342162543,0.0,robust_pass
0.35,0.04,0.5,floquet_buffered_three_qubit,1.0,0.18524839953895067,0.02081834729417971,-0.003506424028694075,robust_pass
0.35,0.04,1.0,direct_three_qubit,1.0,0.49994201078120737,0.024852148875826846,0.0,robust_pass
0.35,0.04,1.0,floquet_buffered_three_qubit,1.0,0.25526928194123255,0.02182687395676053,-0.006397326090743109,robust_pass
0.35,0.04,1.5,direct_three_qubit,1.0,0.499950293953461,0.024852345695947464,0.0,robust_pass
0.35,0.04,1.5,floquet_buffered_three_qubit,1.0,0.3180728479191046,0.022605282344415882,-0.00921160734970124,robust_pass
0.35,0.04,2.0,direct_three_qubit,1.0,0.4999098373002768,0.02485283858329007,0.0,robust_pass
0.35,0.04,2.0,floquet_buffered_three_qubit,1.0,0.36601662347963937,0.023198026802018743,-0.011911945237990305,robust_pass
0.35,0.08,0.5,direct_three_qubit,1.0,0.49587993549917786,0.024650126342162543,0.0,robust_pass
0.35,0.08,0.5,floquet_buffered_three_qubit,0.5,0.3420509581795337,0.014286587295463409,-0.003419932971692321,fail
0.35,0.08,1.0,direct_three_qubit,1.0,0.49994201078120737,0.024852148875826846,0.0,robust_pass
0.35,0.08,1.0,floquet_buffered_three_qubit,0.5,0.21597480180338202,0.015985964372363444,-0.006302495883398423,fail
0.35,0.08,1.5,direct_three_qubit,1.0,0.499950293953461,0.024852345695947464,0.0,robust_pass
0.35,0.08,1.5,floquet_buffered_three_qubit,0.5,0.07189994568740166,0.017775175730264287,-0.009093076698453993,fail
0.35,0.08,2.0,direct_three_qubit,1.0,0.4999098373002768,0.02485283858329007,0.0,robust_pass
0.35,0.08,2.0,floquet_buffered_three_qubit,1.0,0.053652308971366525,0.019331901388523524,-0.011760199741643215,robust_pass
